filename,width,height,class,xmin,ymin,xmax,ymax
Earth450_jpg.rf.99bb288939a8c935b062bb2ba53c42b3.jpg,320,320,earth,74,8,246,312
Saturn648_jpg.rf.98ccc667e9190497fe133d72a46df24b.jpg,320,320,saturn,47,85,274,237
Mars744_jpg.rf.93de0ece1f40b01cd660df2093b92754.jpg,320,320,mars,74,9,246,311
Jupiter1664_jpg.rf.9c7fb62a30bb8ef2e634236b69decdd5.jpg,320,320,jupiter,74,18,246,305
Venus1450_jpg.rf.8e7efb976510f63f2c0df73445717eaf.jpg,320,320,venus,74,7,246,313
Neptune1430_jpg.rf.90a7b1ee12e0882a63da116226f7cb90.jpg,320,320,neptune,74,9,247,311
Jupiter494_jpg.rf.9a13212a47e39f5858a5451bccb12ab2.jpg,320,320,jupiter,74,18,246,305
Neptune1040_jpg.rf.9a20ae0ffed02a1e2f63db75d705db92.jpg,320,320,neptune,74,9,247,311
Saturn1296_jpg.rf.9b09bf48f73be5a8e3e4b89ecfaa42ec.jpg,320,320,saturn,47,85,274,237
Neptune78_jpg.rf.9d1bf29eeff5791cd25522854326948d.jpg,320,320,neptune,74,9,247,311
Mars360_jpg.rf.99b568d40fefa0ef1457f14fa0b0a60d.jpg,320,320,mars,74,9,246,311
Saturn486_jpg.rf.926ec7894255a5b87ef6c8715e70ce57.jpg,320,320,saturn,47,85,274,237
Jupiter1092_jpg.rf.9b6a7d0cb9f5f1b88f446d35e377b403.jpg,320,320,jupiter,74,18,246,305
Uranus1104_jpg.rf.92f56d62029aa535cfae01c7c0cd8fcf.jpg,320,320,uranus,74,11,246,310
Uranus840_jpg.rf.9acee807b286ff66916de115fccd85e1.jpg,320,320,uranus,74,11,246,310
Uranus192_jpg.rf.995ee7e873011800e2121b1b3315c665.jpg,320,320,uranus,74,11,246,310
Saturn27_jpg.rf.9beae978f36061e7350c93bbf010ad3a.jpg,320,320,saturn,47,85,274,237
Saturn432_jpg.rf.98b5d8ad94ea760b0dd64421bbd1d87b.jpg,320,320,saturn,47,85,274,237
Mars1104_jpg.rf.99da0b8942348d8fb446ab7459057096.jpg,320,320,mars,74,9,246,311
Mars816_jpg.rf.8f3d47dd327abf7ca59f6dac9c2baca0.jpg,320,320,mars,74,9,246,311
Jupiter832_jpg.rf.9a95d6b72080c7dbf55ad9aa9ec8abdc.jpg,320,320,jupiter,74,18,246,305
Saturn1431_jpg.rf.996991930a1f3d7ef6905a7297bfd90a.jpg,320,320,saturn,47,85,274,237
Mars384_jpg.rf.9d2acf438f7ef2310ca050d87356bc7f.jpg,320,320,mars,74,9,246,311
Venus375_jpg.rf.922f8d5d841cf35dc0c3f72f6d8c83c3.jpg,320,320,venus,74,7,246,313
Mercury1248_jpg.rf.9e37f3cdd557afdc87443062a7e67aa0.jpg,320,320,mercury,75,9,246,311
Jupiter988_jpg.rf.9eb5dbc6cd1c23415037a14ac3876941.jpg,320,320,jupiter,74,18,246,305
Earth1200_jpg.rf.a276470563ce26c6efa101b7061c5884.jpg,320,320,earth,74,9,246,311
Uranus1560_jpg.rf.9f75fd1b95b96b03c6bd987cf7821b65.jpg,320,320,uranus,74,11,246,310
Mercury1352_jpg.rf.8f7873d6b532f2e4c62da88af9664e7a.jpg,320,320,mercury,75,9,246,311
Earth375_jpg.rf.9e2e3ecc0ad0462911d079092cb08409.jpg,320,320,earth,73,8,246,310
Mercury1066_jpg.rf.a3b71b3af1f41ed98b13f34bb7794d0b.jpg,320,320,mercury,75,9,246,311
Jupiter1326_jpg.rf.a4e72bf56e9a6cdfec2494b40960253a.jpg,320,320,jupiter,74,18,246,305
Earth1450_jpg.rf.9e2ddf3c67f798b38a6e859d2a77b875.jpg,320,320,earth,74,9,246,311
Mercury1586_jpg.rf.a514df916e5e7e78191d7e06f6b2e2fc.jpg,320,320,mercury,75,9,246,311
Earth75_jpg.rf.a46d8bb2349c517d72683327f4781bbc.jpg,320,320,earth,73,6,246,311
Jupiter468_jpg.rf.a4ec97a345a716dbf6df9fa649e06937.jpg,320,320,jupiter,74,18,246,305
Venus1250_jpg.rf.a62a893520474277371fd9111de2152b.jpg,320,320,venus,74,7,246,313
Earth1525_jpg.rf.a66191c3416357e22eedd016690e4466.jpg,320,320,earth,74,9,246,311
Venus1125_jpg.rf.a8270da56fb7f55e32e647ca277e4665.jpg,320,320,venus,74,7,246,313
Earth25_jpg.rf.a5fa490dede12293ea8eb993898fe974.jpg,320,320,earth,74,10,246,311
Jupiter182_jpg.rf.ab0be0eb7ccf46f458e4f008a7c97a3d.jpg,320,320,jupiter,74,18,246,305
Saturn1782_jpg.rf.a4e1721753837ac62d7102a8bcc65908.jpg,320,320,saturn,47,85,274,237
Venus100_jpg.rf.ac9f61c964d1fab6444424fbcf5710be.jpg,320,320,venus,74,7,246,313
Mercury234_jpg.rf.af13510e04a97a6c6674520f6e449dcf.jpg,320,320,mercury,75,9,246,311
Neptune208_jpg.rf.aded9ee3348ca3afa159fd4782995ffe.jpg,320,320,neptune,74,9,247,311
Uranus456_jpg.rf.b0eda5094e62f2931663092f8ac95a35.jpg,320,320,uranus,74,11,246,310
Neptune312_jpg.rf.ae559f2c98ed00be747780ec1b70ffe1.jpg,320,320,neptune,74,9,247,311
Mars864_jpg.rf.ab2c70ae9a7ab9334f1e8b6b4a4e788d.jpg,320,320,mars,74,9,246,311
Neptune1586_jpg.rf.b0c9e8dec77beef38540ab7d7afab824.jpg,320,320,neptune,74,9,247,311
Saturn378_jpg.rf.b04f3f630880ad58cce880c93f759967.jpg,320,320,saturn,47,85,274,237
Saturn702_jpg.rf.b19633965c8f41d6a491a2f02b3cbd90.jpg,320,320,saturn,47,85,274,237
Saturn1080_jpg.rf.b53ce84b4bd99d4b1e1743b474fd1099.jpg,320,320,saturn,47,85,274,237
Earth625_jpg.rf.b3cfecedfe6ad2ea6577ee5b7d4411fa.jpg,320,320,earth,74,8,246,311
Saturn972_jpg.rf.ad9923650974af0960b51b5f9d723803.jpg,320,320,saturn,47,85,274,237
Neptune910_jpg.rf.b1c467049b92bc15c8d2a0ccedf3bf60.jpg,320,320,neptune,74,9,247,311
Mars288_jpg.rf.b6811866cad64386ecf4bf7c25e69f60.jpg,320,320,mars,74,9,246,311
Mercury104_jpg.rf.b85bf103bfb7bb1075d1a9cef9c26526.jpg,320,320,mercury,75,9,246,311
Saturn1323_jpg.rf.bb2fca7df511829fb1fb9d1f8288f2bd.jpg,320,320,saturn,47,85,274,237
Uranus768_jpg.rf.ba20eb9af32b2ee4af99051523f53c9c.jpg,320,320,uranus,74,11,246,310
Earth700_jpg.rf.b68c31aad42dc058af4a996fc529f7ad.jpg,320,320,earth,73,8,247,311
Mars1656_jpg.rf.b77e8c731c40fd1cff8e502f153310ac.jpg,320,320,mars,74,9,246,311
Uranus0_jpg.rf.bc3a692a15c90ef71349f5d317f5ab17.jpg,320,320,uranus,74,11,246,310
Mars1416_jpg.rf.bb158f48cbee76b196f64efaeb55723c.jpg,320,320,mars,74,9,246,311
Mars312_jpg.rf.bdd6c93e0244f4c3bbfa114a613e20f5.jpg,320,320,mars,74,9,246,311
Saturn1242_jpg.rf.bdd3fe45a09d3db4b6b420fb2f9881a0.jpg,320,320,saturn,47,85,274,237
Neptune1144_jpg.rf.b95fbad5c0a4d80f797b67fc43c3b6bd.jpg,320,320,neptune,74,9,247,311
Neptune1560_jpg.rf.bde5f7326b999af9c6c6073507575667.jpg,320,320,neptune,74,9,247,311
Mercury884_jpg.rf.ba885a5f9a566843a1d4583807997686.jpg,320,320,mercury,75,9,246,311
Jupiter1352_jpg.rf.aa4a51974ad95a52be0102c87a8f7f9e.jpg,320,320,jupiter,74,18,246,305
Mercury442_jpg.rf.bfe344af612fa1323ac50baaf1e2d8d4.jpg,320,320,mercury,75,9,246,311
Mars1392_jpg.rf.be4602b86537d5393a03cdf9ea1c884d.jpg,320,320,mars,74,9,246,311
Earth0_jpg.rf.c1b7a7fe7f3eea9bec1a8b6b036c1ffc.jpg,320,320,earth,74,11,246,310
Venus425_jpg.rf.c05fb39dd7dcb94d42e5a76c7e8b217a.jpg,320,320,venus,74,7,246,313
Saturn1674_jpg.rf.c2a4e2952305b0a9a1e7d77724314151.jpg,320,320,saturn,47,85,274,237
Earth1300_jpg.rf.c2dcb72b30fe776e20ded2ca16444748.jpg,320,320,earth,74,9,246,311
Venus1225_jpg.rf.c3689b4ee9814d27c9600e82d3d61eeb.jpg,320,320,venus,74,7,246,313
Venus1075_jpg.rf.c33a0c8ac6edb416394f5340325c11f6.jpg,320,320,venus,74,7,246,313
Mercury962_jpg.rf.be4e9828d6d9db44f9058af25089c881.jpg,320,320,mercury,75,9,246,311
Venus1375_jpg.rf.c93c222012e578b6f47cc6856de2a56e.jpg,320,320,venus,74,7,246,313
Jupiter78_jpg.rf.c7e2fb137dbdd3ecaa905c3e492839d7.jpg,320,320,jupiter,74,18,246,305
Venus300_jpg.rf.cb321dfac2cfaecfac9a646ac40303a2.jpg,320,320,venus,74,7,246,313
Neptune832_jpg.rf.c652fd835b2258b3214992d8eac436da.jpg,320,320,neptune,74,9,247,311
Mars1440_jpg.rf.ca7b402f8904dc80d5c287b38ec1cebc.jpg,320,320,mars,74,9,246,311
Jupiter338_jpg.rf.cb10960bb178e31b2b8fad985699841c.jpg,320,320,jupiter,74,18,246,305
Mars1176_jpg.rf.c8fa7ac21bded10869aa3497e44f4d56.jpg,320,320,mars,74,9,246,311
Neptune104_jpg.rf.cfbb030050088661efce91408869654f.jpg,320,320,neptune,74,9,247,311
Earth200_jpg.rf.cfaf2e67174b07aa55f68e02594e7600.jpg,320,320,earth,75,9,246,312
Neptune546_jpg.rf.cb7d647ff6a0a8775920961494ac2a3f.jpg,320,320,neptune,74,9,247,311
Venus1000_jpg.rf.d0b6270e0fab6fd74302c0e0ea148432.jpg,320,320,venus,74,7,246,313
Mercury1118_jpg.rf.d0965eebbefe94f22d9d8bb29b59546e.jpg,320,320,mercury,75,9,246,311
Mercury754_jpg.rf.c5f1534c3e0e11b84efed4947c7b006d.jpg,320,320,mercury,75,9,246,311
Venus925_jpg.rf.c69f324a69cabf9e3a940eaca899a0d3.jpg,320,320,venus,74,7,246,313
Saturn999_jpg.rf.d104939b80748c2f4d027a1062610e3f.jpg,320,320,saturn,47,85,274,237
Uranus1008_jpg.rf.d2ac0497c73491b2eb88f990173b83c7.jpg,320,320,uranus,74,11,246,310
Jupiter1430_jpg.rf.cf80ed10752e12288b2ee4cc3d9a3a70.jpg,320,320,jupiter,74,18,246,305
Uranus240_jpg.rf.d4c717a23e90f89d9f78c80c6af343fb.jpg,320,320,uranus,74,11,246,310
Mercury936_jpg.rf.cc7bd8a88fa07a793dee7e7bfd86111e.jpg,320,320,mercury,75,9,246,311
Mercury312_jpg.rf.d16687a1a7ee6f686f4aa506aab56c11.jpg,320,320,mercury,75,9,246,311
Earth1375_jpg.rf.d3b031b14dc645a1f94cbe289603a0b7.jpg,320,320,earth,74,9,246,311
Neptune1404_jpg.rf.d0163e84c0da43e035ded9cc7d520d48.jpg,320,320,neptune,74,9,247,311
Mars456_jpg.rf.d716f5b3a85ef40205a942eb0beabdf9.jpg,320,320,mars,74,9,246,311
Neptune52_jpg.rf.d5f3e9feaa1b6b0be3534e6c8c5cbd7a.jpg,320,320,neptune,74,9,247,311
Mars24_jpg.rf.d4339b02da94875b7e9cf92186016db8.jpg,320,320,mars,74,9,246,311
Saturn270_jpg.rf.d7466252a30dce19887cc1a5449e648e.jpg,320,320,saturn,47,85,274,237
Jupiter962_jpg.rf.d668dd37d4e59af4f4cb3347115a1152.jpg,320,320,jupiter,74,18,246,305
Jupiter1612_jpg.rf.d75fcdc6e97c8cf508569c879e9b8681.jpg,320,320,jupiter,74,18,246,305
Saturn675_jpg.rf.d4eaffd03f2e553bc70d79a526b88612.jpg,320,320,saturn,47,85,274,237
Saturn513_jpg.rf.d7d59e88545e99e9e1090856b98f7142.jpg,320,320,saturn,47,85,274,237
Saturn0_jpg.rf.d821b4fb40eeceb2835e280442af9d65.jpg,320,320,saturn,47,85,274,237
Uranus936_jpg.rf.da882455052e30aab36717bae0542094.jpg,320,320,uranus,74,11,246,310
Saturn405_jpg.rf.d9c56c71d1ca0731e26c8a5b4208705b.jpg,320,320,saturn,47,85,274,237
Saturn324_jpg.rf.dc8def4fd6dcb33bb00e43067e336b4a.jpg,320,320,saturn,47,85,274,237
Jupiter1144_jpg.rf.d9d440f24a176b7b62052e331751650d.jpg,320,320,jupiter,74,18,246,305
Venus1150_jpg.rf.ddb602c5e67eaad0bff7b5b21d7be762.jpg,320,320,venus,74,7,246,313
Earth1250_jpg.rf.de6f50912f3951e7d0381da7c00ab6ba.jpg,320,320,earth,74,9,246,311
Mars1632_jpg.rf.d8d332755d0b85fe1e482148f4105e64.jpg,320,320,mars,74,9,246,311
Jupiter520_jpg.rf.df9259e99b56eee4753cc357976650c4.jpg,320,320,jupiter,74,18,246,305
Mars912_jpg.rf.dfac113ceb2d3523ef1aaa16d2ba141d.jpg,320,320,mars,74,9,246,311
Uranus120_jpg.rf.dd736fec978c5c1ae888d68ae2a6f697.jpg,320,320,uranus,74,11,246,310
Earth900_jpg.rf.e195af04fe4519e454278e8fdcff4a78.jpg,320,320,earth,74,6,246,311
Jupiter702_jpg.rf.dfab70332fbea307fc9fa1a395ac792d.jpg,320,320,jupiter,74,18,246,305
Jupiter1222_jpg.rf.e0b66e1cc22245f89f7493333280974f.jpg,320,320,jupiter,74,18,246,305
Earth575_jpg.rf.dfa1e08a3405c5b9a67d14c606b31e73.jpg,320,320,earth,74,8,246,311
Earth550_jpg.rf.e1067b03afd9836c698bae3e7d761887.jpg,320,320,earth,73,6,246,311
Uranus600_jpg.rf.e30b5859c82ca71d43cbde2f6c6f965e.jpg,320,320,uranus,74,11,246,310
Neptune26_jpg.rf.e1bb6e8a0d26660a60f64e16fa4723a4.jpg,320,320,neptune,74,9,247,311
Neptune260_jpg.rf.dfc411aec97aa63fd4726bd40333b20c.jpg,320,320,neptune,74,9,247,311
Neptune962_jpg.rf.e3a249cced25f9b13edf715944bd266a.jpg,320,320,neptune,74,9,247,311
Venus750_jpg.rf.e4a701eebd23d6248f15423ee27b0402.jpg,320,320,venus,74,7,246,313
Mars1608_jpg.rf.e5bdaee5bc13fe13fcfdf98fda6eb6a9.jpg,320,320,mars,74,9,246,311
Neptune1638_jpg.rf.e52e596e86a38c7ed8018af68a76f660.jpg,320,320,neptune,74,9,247,311
Neptune650_jpg.rf.e490cc4367c51a3835c4035dedda91a8.jpg,320,320,neptune,74,9,247,311
Earth1575_jpg.rf.e5e3ba78f8d6a168cc0978b80e4ecdeb.jpg,320,320,earth,74,9,246,311
Neptune884_jpg.rf.e7c661edee0247508e965fba5057ac68.jpg,320,320,neptune,74,9,247,311
Saturn1647_jpg.rf.e44b2be4f3ec07d24d233e565c506593.jpg,320,320,saturn,47,85,274,237
Saturn1512_jpg.rf.e84e1810b1cef85aedd8ac37e3ed3913.jpg,320,320,saturn,47,85,274,237
Uranus648_jpg.rf.e8bfc103bd80ab0a61268bdbcdc3b670.jpg,320,320,uranus,74,11,246,310
Mars1344_jpg.rf.e5408dc09ff8c8c3c0518734131a9e4f.jpg,320,320,mars,74,9,246,311
Uranus1056_jpg.rf.e86564bc3e8571c98cd181273469d89e.jpg,320,320,uranus,74,11,246,310
Uranus984_jpg.rf.eb780615fe647a4a301baacf523f76e0.jpg,320,320,uranus,74,11,246,310
Mercury52_jpg.rf.e975482c080244f3e7933181e08be737.jpg,320,320,mercury,75,9,246,311
Mercury702_jpg.rf.e7e53d849aea3e5dd223aa65d4a7b8f4.jpg,320,320,mercury,75,9,246,311
Jupiter1456_jpg.rf.ebcf8d50c7e2033e266cc145b2f35057.jpg,320,320,jupiter,74,18,246,305
Jupiter650_jpg.rf.e94ca5ebf262bd6b06345a823bfa1c09.jpg,320,320,jupiter,74,18,246,305
Saturn1404_jpg.rf.efb5adb75bb198e4bcc62fd199a5eb8c.jpg,320,320,saturn,47,85,274,237
Neptune1326_jpg.rf.efc144523503dc7212799b935dfad284.jpg,320,320,neptune,74,9,247,311
Mars1128_jpg.rf.ee0c5c999b71fed57d762baea0f8a9ce.jpg,320,320,mars,74,9,246,311
Mercury650_jpg.rf.f0f35f52288e79d6721dce32f60bf501.jpg,320,320,mercury,75,9,246,311
Neptune624_jpg.rf.f1e265c95c320712755e1dd48090854f.jpg,320,320,neptune,74,9,247,311
Earth1475_jpg.rf.f4075eb26144b3147fcbf475d2b6d265.jpg,320,320,earth,74,9,246,311
Jupiter416_jpg.rf.f21668ed38fcc52ffd1fe8eb5b07374d.jpg,320,320,jupiter,74,18,246,305
Venus650_jpg.rf.f41b761b7ba7f35ceca97fb34af41dd7.jpg,320,320,venus,74,7,246,313
Neptune780_jpg.rf.f23d1b0973dcb49dc1f537f8a8b10469.jpg,320,320,neptune,74,9,247,311
Mars984_jpg.rf.ef724eec53dd0807795e09e41eb1d920.jpg,320,320,mars,74,9,246,311
Uranus1536_jpg.rf.f43d914d325f14ba30b3651d00e88854.jpg,320,320,uranus,74,11,246,310
Uranus408_jpg.rf.f56496cfa947a11938b47e4fc918df85.jpg,320,320,uranus,74,11,246,310
Neptune1378_jpg.rf.f45c6914b3a32772ef97ff96fcf2a9b1.jpg,320,320,neptune,74,9,247,311
Venus1025_jpg.rf.f58d855067b2d2846a69d970f2405100.jpg,320,320,venus,74,7,246,313
Neptune338_jpg.rf.fb03737c9980b6a0d958ef9fd64bd23d.jpg,320,320,neptune,74,9,247,311
Mars696_jpg.rf.fba3b20d546e8f8e6259be15c8a09a00.jpg,320,320,mars,74,9,246,311
Saturn540_jpg.rf.fc60ea4faed0ca8520fd508bdccd360f.jpg,320,320,saturn,47,85,274,237
Earth1325_jpg.rf.f738822051062b40ebea1a5c288e1e51.jpg,320,320,earth,74,9,246,311
Uranus48_jpg.rf.f8b9145f5e46435647283e718a40dc4e.jpg,320,320,uranus,74,11,246,310
Neptune1248_jpg.rf.f921d13df7135aabd8d40331ed5a403b.jpg,320,320,neptune,74,9,247,311
Uranus480_jpg.rf.fd33834a495d5beab2679dbcba05707b.jpg,320,320,uranus,74,11,246,310
Uranus1464_jpg.rf.f6a5e81682de336e6eee4bee17117035.jpg,320,320,uranus,74,11,246,310
Uranus1320_jpg.rf.fd569592da332ea09f1d43a9230996d2.jpg,320,320,uranus,74,11,246,310
Neptune390_jpg.rf.fda1c45688a4e71fb70a337f3955b368.jpg,320,320,neptune,74,9,247,311
Earth825_jpg.rf.fe62be66fc22c0149923ab8301d2107d.jpg,320,320,earth,73,8,246,311
Earth175_jpg.rf.fd7f13270472a5caa2b3685c12dcb98e.jpg,320,320,earth,74,9,247,312
Saturn1161_jpg.rf.017376335cd43137cda5ce8570d06e98.jpg,320,320,saturn,47,85,274,237
Earth125_jpg.rf.0291bb91149ece233e3ca57f4630a7a2.jpg,320,320,earth,74,9,246,312
Mercury1482_jpg.rf.052ae08dbef917f4be73bf905a3a0fce.jpg,320,320,mercury,75,9,246,311
Mercury286_jpg.rf.057ec5cb06952cc7fc5c731cc187df9d.jpg,320,320,mercury,75,9,246,311
Neptune728_jpg.rf.0203c889ebf786eda9cb87b1f1560a42.jpg,320,320,neptune,74,9,247,311
Neptune598_jpg.rf.05bcdda652753919d57ac3145da7c460.jpg,320,320,neptune,74,9,247,311
Venus1275_jpg.rf.04946f9fbef6ac57fecf39a6058c613d.jpg,320,320,venus,74,7,246,313
Venus1200_jpg.rf.05f654f20b348daf025f4b6a5ac2b7fb.jpg,320,320,venus,74,7,246,313
Mercury1092_jpg.rf.07116b1291a7f67427bec25f5484e246.jpg,320,320,mercury,75,9,246,311
Mercury1430_jpg.rf.0229d8ca66580f6de5b4fb1d25bc1019.jpg,320,320,mercury,75,9,246,311
Venus575_jpg.rf.0bbb4932fcf35d2e502ac7ceecf793a2.jpg,320,320,venus,74,7,246,313
Saturn1458_jpg.rf.07e6cc660cb63d353ab5a1836d66384b.jpg,320,320,saturn,47,85,274,237
Venus1350_jpg.rf.08baa6c438deb6ccfaf347a174b69129.jpg,320,320,venus,74,7,246,313
Saturn837_jpg.rf.0dfeeead7dbac7183806a490cbf49f4f.jpg,320,320,saturn,47,85,274,237
Uranus1392_jpg.rf.0df3154df26dc02492bae8336fd44fa0.jpg,320,320,uranus,74,11,246,310
Earth775_jpg.rf.0f184ae6322b9d3f681fd1b757fa6404.jpg,320,320,earth,73,8,246,312
Mars1368_jpg.rf.0e8792090f0b9373c322c7528275aaef.jpg,320,320,mars,74,9,246,311
Uranus1152_jpg.rf.0c1727fcfe41a3558b8b5b710f6d59e4.jpg,320,320,uranus,74,11,246,310
Jupiter156_jpg.rf.0f88178d44af609e2d18fb0607f3a6e1.jpg,320,320,jupiter,74,18,246,305
Mars336_jpg.rf.09227220d41b17118339e93ba95fe432.jpg,320,320,mars,74,9,246,311
Neptune858_jpg.rf.0e66f4ffa97981425b86114aae2af163.jpg,320,320,neptune,74,9,247,311
Earth525_jpg.rf.0c05a5d0a9828f1212a5ccf2420aedd1.jpg,320,320,earth,74,7,246,312
Earth350_jpg.rf.118fe86ebfd38342795871e2b098ff5d.jpg,320,320,earth,74,9,247,314
Earth1550_jpg.rf.119415b284cf927cafa1654ec2d2b7a4.jpg,320,320,earth,74,9,246,311
Jupiter572_jpg.rf.1201344180b4f19006eafe36425b1cc2.jpg,320,320,jupiter,74,18,246,305
Venus25_jpg.rf.132e46f69b75af3bb957eca6b108d801.jpg,320,320,venus,74,7,246,313
Saturn162_jpg.rf.115ede83966337067ced6d8f5c391576.jpg,320,320,saturn,47,85,274,237
Uranus1200_jpg.rf.1308f260fd70e9e7f71c88c9b339084b.jpg,320,320,uranus,74,11,246,310
Mars1080_jpg.rf.13a4a3c057be98cd60519be782e9b55d.jpg,320,320,mars,74,9,246,311
Mercury1612_jpg.rf.13cc581cd5d34dfb21fb308792a44127.jpg,320,320,mercury,75,9,246,311
Jupiter884_jpg.rf.1adb0a05596591393578aeecab54b5fd.jpg,320,320,jupiter,74,18,246,305
Saturn243_jpg.rf.16ec232a57c722dc43dbb68bc70525d3.jpg,320,320,saturn,47,85,274,237
Saturn945_jpg.rf.17011b34739c99a692a2a9d3fb8d433e.jpg,320,320,saturn,47,85,274,237
Neptune806_jpg.rf.17be600b5eae9d344f1fc6653a7121d8.jpg,320,320,neptune,74,9,247,311
Uranus864_jpg.rf.14109e48d1dc9555abc8d4a927631adf.jpg,320,320,uranus,74,11,246,310
Saturn756_jpg.rf.18740b0541d33c58f1a7faf59e0a0bf3.jpg,320,320,saturn,47,85,274,237
Venus125_jpg.rf.182652d1e614bb7fad4a6bae4a3aa77c.jpg,320,320,venus,74,7,246,313
Venus225_jpg.rf.1d2b24407d64eb506b05258b6883523c.jpg,320,320,venus,74,7,246,313
Venus1175_jpg.rf.14d47fb1545bccceadb16a6668610e5d.jpg,320,320,venus,74,7,246,313
Mercury338_jpg.rf.1e296ede561bc4795cdbc3caf52d85a6.jpg,320,320,mercury,75,9,246,311
Jupiter858_jpg.rf.24b8f36a98d36f4dce59a3d51e0e07f1.jpg,320,320,jupiter,74,18,246,305
Jupiter52_jpg.rf.201dca5925822837b4920b461125650d.jpg,320,320,jupiter,74,18,246,305
Saturn1134_jpg.rf.1c4e727ec0cb6209fe4b22b76cdde5be.jpg,320,320,saturn,47,85,274,237
Mercury598_jpg.rf.24c8fb5aeab7f34f6227561d77001577.jpg,320,320,mercury,75,9,246,311
Uranus312_jpg.rf.2366de75a4de55d4174badc8a88b8354.jpg,320,320,uranus,74,11,246,310
Uranus288_jpg.rf.23a193e5de5149b7112723865ab9cd2c.jpg,320,320,uranus,74,11,246,310
Earth1025_jpg.rf.2584b0bf7d6ea7b88981a9ccb97b0859.jpg,320,320,earth,74,9,246,311
Mercury676_jpg.rf.20b525a8c197cb6cced40d76ebf34c2b.jpg,320,320,mercury,75,9,246,311
Mars168_jpg.rf.27de34eebc19f9240175c730b1622681.jpg,320,320,mars,74,9,246,311
Mars1248_jpg.rf.2602e95da6bcc72df093e24797d60fc4.jpg,320,320,mars,74,9,246,311
Mercury182_jpg.rf.29e7c2bbd696f58da9f1cfb465a28da5.jpg,320,320,mercury,75,9,246,311
Jupiter234_jpg.rf.28d6edae67757a7d51b55a36101e0512.jpg,320,320,jupiter,74,18,246,305
Uranus336_jpg.rf.262597c707e80f0eca16c90704c37723.jpg,320,320,uranus,74,11,246,310
Saturn621_jpg.rf.299e997a2c891f108ec783deb833ca9a.jpg,320,320,saturn,47,85,274,237
Mercury624_jpg.rf.2072163a2a8ae5f10b90424bfbc47f90.jpg,320,320,mercury,75,9,246,311
Venus500_jpg.rf.2942ae41bb285703c0ca00b2ec997d56.jpg,320,320,venus,74,7,246,313
Jupiter104_jpg.rf.2ac9ee55674b0eba8641896bf5498c2c.jpg,320,320,jupiter,74,18,246,305
Jupiter546_jpg.rf.27ec7d667f1e3f44820db2e59a152bc0.jpg,320,320,jupiter,74,18,246,305
Mars1320_jpg.rf.29b19e8b8de9bdde9134fa11f453cd04.jpg,320,320,mars,74,9,246,311
Venus825_jpg.rf.2a16100df25d2c3a41ce97d2cc832c0a.jpg,320,320,venus,74,7,246,313
Mars1488_jpg.rf.291573d47a530e820f4c1379bdc9ef01.jpg,320,320,mars,74,9,246,311
Uranus888_jpg.rf.2f20fab40ee1f204fd7c097c28c968f4.jpg,320,320,uranus,74,11,246,310
Neptune494_jpg.rf.2e95a33fccd90314f73bcbd2d5316096.jpg,320,320,neptune,74,9,247,311
Jupiter1066_jpg.rf.2a4cad87f2db0057b31ec77eabd765a7.jpg,320,320,jupiter,74,18,246,305
Earth950_jpg.rf.30d7d46a071a009bbc0b6663373d6d11.jpg,320,320,earth,74,9,246,311
Neptune1612_jpg.rf.31a7bf672d796610d161c5ed2a917ee2.jpg,320,320,neptune,74,9,247,311
Saturn1215_jpg.rf.2eb7c7bfbca9e3dd8186237089aa433b.jpg,320,320,saturn,47,85,274,237
Neptune0_jpg.rf.36a10991d406cc0e2b2d25e65eee5fd1.jpg,320,320,neptune,74,9,247,311
Uranus792_jpg.rf.3907e8bfda4e1134b110251616ce7682.jpg,320,320,uranus,74,11,246,310
Venus1500_jpg.rf.3703dca589f4b79b91fe16f7b1401058.jpg,320,320,venus,74,7,246,313
Venus250_jpg.rf.34acbef34310c342a4f5e5f45731abc7.jpg,320,320,venus,74,7,246,313
Earth1350_jpg.rf.31cf51304ead6a5eff4b93d06b0684e6.jpg,320,320,earth,74,9,246,311
Mars264_jpg.rf.37bd10b3432923ecd0f68a26bf12255a.jpg,320,320,mars,74,9,246,311
Uranus168_jpg.rf.328a2f2bda9f06893d65b110d04a925f.jpg,320,320,uranus,74,11,246,310
Venus1425_jpg.rf.3a05ad9a0c9c27db8efb95008310a726.jpg,320,320,venus,74,7,246,313
Venus1050_jpg.rf.3a8d5a212668895226d44ad02def39c4.jpg,320,320,venus,74,7,246,313
Saturn108_jpg.rf.3d1afb9038a9c13878d851260d112251.jpg,320,320,saturn,47,85,274,237
Neptune1352_jpg.rf.3a830e8ca07a7a02e92fa853955b4f70.jpg,320,320,neptune,74,9,247,311
Neptune1300_jpg.rf.36e6b18f255aa3b7ed0d52b93c43bb10.jpg,320,320,neptune,74,9,247,311
Uranus216_jpg.rf.3c74bf208a81d819e3db197cc16633b8.jpg,320,320,uranus,74,11,246,310
Saturn1350_jpg.rf.452001179820e675d4d19c55d590ed0f.jpg,320,320,saturn,47,85,274,237
Earth1050_jpg.rf.3c72917be45b60d5fa5c77531e7c4795.jpg,320,320,earth,74,9,246,311
Venus475_jpg.rf.41837723a152f844a38fa003d56c14b4.jpg,320,320,venus,74,7,246,313
Venus800_jpg.rf.41eff9307d7ab39b7832fb819068c505.jpg,320,320,venus,74,7,246,313
Earth925_jpg.rf.41968aec7a2eebd87fa13a783790130f.jpg,320,320,earth,73,8,246,311
Saturn81_jpg.rf.466b4e8a6afbce0723cf5c59c60c8376.jpg,320,320,saturn,47,85,274,237
Mars408_jpg.rf.48247120e9380003544936b64fe7b5de.jpg,320,320,mars,74,9,246,311
Earth850_jpg.rf.441bcce3789ca7a1f521501849d2517a.jpg,320,320,earth,73,6,246,312
Venus200_jpg.rf.47d688989b9294071d30ff55fe0cf140.jpg,320,320,venus,74,7,246,313
Uranus24_jpg.rf.46e872b2fbe81746c838d6f57baa5844.jpg,320,320,uranus,74,11,246,310
Saturn1566_jpg.rf.4701e12be9c4d2b594783ee50ff8bfb0.jpg,320,320,saturn,47,85,274,237
Uranus1032_jpg.rf.4bfa0e51f4b2c5f6b0c4078b3f1ac7f0.jpg,320,320,uranus,74,11,246,310
Mercury208_jpg.rf.4a0f0191f9f364d139b10b9ec7749e5a.jpg,320,320,mercury,75,9,246,311
Earth750_jpg.rf.5314bb7d41d2c4fd9649e39ee9d886ca.jpg,320,320,earth,73,8,246,312
Jupiter1300_jpg.rf.49d41e19db914a677aa0b525c7d531a8.jpg,320,320,jupiter,74,18,246,305
Mercury1300_jpg.rf.4784702d13de157336643ffc358f409a.jpg,320,320,mercury,75,9,246,311
Mercury1274_jpg.rf.4e1aa49acb3e860a479b06b6bff9912c.jpg,320,320,mercury,75,9,246,311
Jupiter1638_jpg.rf.4ea29a51421faf0abf5c548f8dcce16f.jpg,320,320,jupiter,74,18,246,305
Jupiter260_jpg.rf.4c06a310e100db3198ee3866a279a164.jpg,320,320,jupiter,74,18,246,305
Jupiter1560_jpg.rf.490e6a2ca7c136c8a96ab2119e2d36f1.jpg,320,320,jupiter,74,18,246,305
Mars432_jpg.rf.5397d9a8fa5a75631361593eebf5835d.jpg,320,320,mars,74,9,246,311
Mercury1170_jpg.rf.4cc123e20e6a41d9ace1c297b557a001.jpg,320,320,mercury,75,9,246,311
Earth975_jpg.rf.521049d08987bd90c24271557870d9cb.jpg,320,320,earth,74,9,246,311
Neptune416_jpg.rf.3a54217a4edd41e52a7b4b9a0f20bdd8.jpg,320,320,neptune,74,9,247,311
Venus950_jpg.rf.5406f18af55a92645712fcf2d45220a7.jpg,320,320,venus,74,7,246,313
Uranus624_jpg.rf.55319296b73da6a7c9e701c5df7e8b69.jpg,320,320,uranus,74,11,246,310
Mercury1326_jpg.rf.564f78bf197017b18ef05b5cba6b8999.jpg,320,320,mercury,75,9,246,311
Mercury1508_jpg.rf.5424be1ed8e336d5ddde4ac6897a53dd.jpg,320,320,mercury,75,9,246,311
Mars120_jpg.rf.5753d877172c710baa09ea78c5822bd7.jpg,320,320,mars,74,9,246,311
Uranus1248_jpg.rf.55dbfef9685a524b6195dad377b4e3cc.jpg,320,320,uranus,74,11,246,310
Mercury858_jpg.rf.55fac6fa6a1c6a91d0004552ee6b7302.jpg,320,320,mercury,75,9,246,311
Mercury260_jpg.rf.58178868a9d7a137bc6129074793e719.jpg,320,320,mercury,75,9,246,311
Saturn1107_jpg.rf.57c43b097adb9a9843682b8fcf8fd2be.jpg,320,320,saturn,47,85,274,237
Neptune1534_jpg.rf.53949e1ab06d1eada307553aa51caca6.jpg,320,320,neptune,74,9,247,311
Jupiter754_jpg.rf.585538cdd721d8768ec3ce3c5b7facc5.jpg,320,320,jupiter,74,18,246,305
Venus75_jpg.rf.58d63332cc6ec02c6368a2a33aa7fe11.jpg,320,320,venus,74,7,246,313
Mars528_jpg.rf.5a1d46c719687e5c91cb3f31d7c6e7d9.jpg,320,320,mars,74,9,246,311
Jupiter676_jpg.rf.597d2fbcb59b968c03d6e850d11caca0.jpg,320,320,jupiter,74,18,246,305
Jupiter442_jpg.rf.5a674e3a4607181980dd625ee9040356.jpg,320,320,jupiter,74,18,246,305
Venus725_jpg.rf.5bfdaa56054218801e93bb508db318ab.jpg,320,320,venus,74,7,246,313
Venus775_jpg.rf.5e146db163ad5ec596d5a9c872a99266.jpg,320,320,venus,74,7,246,313
Neptune1118_jpg.rf.5cf6dd78a69d72e60914d2b260be45ab.jpg,320,320,neptune,74,9,247,311
Venus400_jpg.rf.5cbd36edca154a3e13d1b98ad13f7243.jpg,320,320,venus,74,7,246,313
Uranus744_jpg.rf.5a6df7530f9083d0f0527e81c1ae2ed5.jpg,320,320,uranus,74,11,246,310
Uranus1440_jpg.rf.5ba2dc0aa304604bd7e447c32589716c.jpg,320,320,uranus,74,11,246,310
Mars96_jpg.rf.5e7e5b78eb78d8d61e32c5f6a01e9843.jpg,320,320,mars,74,9,246,311
Saturn1593_jpg.rf.643cce54c8f6f5a190733ed52322a540.jpg,320,320,saturn,47,85,274,237
Earth1425_jpg.rf.5d5534129b5cfd371b475c8a1255ca1b.jpg,320,320,earth,74,9,246,311
Mars0_jpg.rf.6006ac5d0a9c8368fba5d103cd561392.jpg,320,320,mars,74,9,246,311
Neptune1014_jpg.rf.5f775dd4759d259b51c7a94cdf39bd36.jpg,320,320,neptune,74,9,247,311
Neptune1482_jpg.rf.670212986ec21123ab7430b7627c83a9.jpg,320,320,neptune,74,9,247,311
Mars624_jpg.rf.61a7493a08cb309399dc5353bccf5dd7.jpg,320,320,mars,74,9,246,311
Saturn567_jpg.rf.63a3fad39c4880243d98c40cb5a9ef18.jpg,320,320,saturn,47,85,274,237
Uranus1224_jpg.rf.6566d0fb8587759897babfdab3c0cc8c.jpg,320,320,uranus,74,11,246,310
Earth425_jpg.rf.67326f6fe7fee87b25474126d6752232.jpg,320,320,earth,73,8,246,312
Neptune702_jpg.rf.649404204dde940a9ad4dfa788148dde.jpg,320,320,neptune,74,9,247,311
Earth475_jpg.rf.69e3b411b194f3173bf71e93093a7842.jpg,320,320,earth,73,7,246,312
Jupiter312_jpg.rf.68d2413e4f650aa4d931f3a42284abe9.jpg,320,320,jupiter,74,18,246,305
Uranus552_jpg.rf.6707297f0c56b93bb3a6ff2dc5e25f61.jpg,320,320,uranus,74,11,246,310
Neptune1066_jpg.rf.69f67041b08fcf93d7a90f196a8f4bf1.jpg,320,320,neptune,74,9,247,311
Saturn810_jpg.rf.69201d1d8eee898a9addd7f6e046a1b3.jpg,320,320,saturn,47,85,274,237
Mars576_jpg.rf.6e556a3fa201c7ff4efa5428919d5505.jpg,320,320,mars,74,9,246,311
Mars144_jpg.rf.6a99d916c4a719c54e8d54c112cdb960.jpg,320,320,mars,74,9,246,311
Venus1550_jpg.rf.6ca9b4a618c048a588a54c23f15f36e1.jpg,320,320,venus,74,7,246,313
Neptune1196_jpg.rf.6c754ad7a57dd33d8ae60c72fcb1b621.jpg,320,320,neptune,74,9,247,311
Uranus72_jpg.rf.62481127e1fd51951d36413814ae3a05.jpg,320,320,uranus,74,11,246,310
Saturn1701_jpg.rf.6cf6f08b5a7eb133524df9c7bb4c1ecc.jpg,320,320,saturn,47,85,274,237
Saturn135_jpg.rf.6bb51aa9499d6aa42b5c44641a061832.jpg,320,320,saturn,47,85,274,237
Mars1512_jpg.rf.706d15b228124b21d08f086a2754bb94.jpg,320,320,mars,74,9,246,311
Uranus432_jpg.rf.6f48a9c4141466fcb06455feb793397e.jpg,320,320,uranus,74,11,246,310
Mercury416_jpg.rf.73a939912e58034081f1a2506867f2cc.jpg,320,320,mercury,75,9,246,311
Mercury468_jpg.rf.709ebb1996783f1fb5f9732c98947172.jpg,320,320,mercury,75,9,246,311
Uranus576_jpg.rf.74719720521cd962df6eb93ab20d2f0f.jpg,320,320,uranus,74,11,246,310
Venus525_jpg.rf.77d0550d46baa7be44df91ed73485482.jpg,320,320,venus,74,7,246,313
Venus975_jpg.rf.766aae15115bda21173c50e99195d7b5.jpg,320,320,venus,74,7,246,313
Mars1464_jpg.rf.59f983dea6faa247c1fcc144a48b3b95.jpg,320,320,mars,74,9,246,311
Uranus528_jpg.rf.7920eeec5e90a87f9b1d053025733089.jpg,320,320,uranus,74,11,246,310
Mars1560_jpg.rf.7411e4f9927c60044b42319e466fe6c6.jpg,320,320,mars,74,9,246,311
Earth150_jpg.rf.708deabf9980dc559ed59bdc368e7d7c.jpg,320,320,earth,73,9,246,312
Neptune572_jpg.rf.77ee797d5b73bf0e9734bd71e9f05576.jpg,320,320,neptune,74,9,247,311
Mars936_jpg.rf.7a0fda55cb97c770873723c459760759.jpg,320,320,mars,74,9,246,311
Earth1075_jpg.rf.795f90348e81974a7a605467e83be9df.jpg,320,320,earth,74,9,246,311
Jupiter1534_jpg.rf.7a6e137b9abfe470d1e1e01c6b51dee1.jpg,320,320,jupiter,74,18,246,305
Mercury832_jpg.rf.7016349552a8e39f1def67e92bbbe485.jpg,320,320,mercury,75,9,246,311
Uranus816_jpg.rf.795cc08e5aa22d133f5886ac0b6acd69.jpg,320,320,uranus,74,11,246,310
Earth50_jpg.rf.7ac9d6ea9bcf69830f81d71b710cd2e5.jpg,320,320,earth,74,9,245,311
Uranus1080_jpg.rf.7a84511fd1cfc759f1b626ec71ad557c.jpg,320,320,uranus,74,11,246,310
Saturn1539_jpg.rf.7a9ff3aced5c05721b1b73c0e375fd05.jpg,320,320,saturn,47,85,274,237
Jupiter390_jpg.rf.7a8ccb3e2a4a10d030be4802cbd82775.jpg,320,320,jupiter,74,18,246,305
Jupiter364_jpg.rf.7dcd7bc46d9deb8ea52bd75f9202500e.jpg,320,320,jupiter,74,18,246,305
Neptune1508_jpg.rf.7e6d944afc31d196d77e367a57941826.jpg,320,320,neptune,74,9,247,311
Venus700_jpg.rf.7d34be35c41d8dccdd8093c0fcea1350.jpg,320,320,venus,74,7,246,313
Venus1325_jpg.rf.7ca41aa8c50226854666d095b7456581.jpg,320,320,venus,74,7,246,313
Mercury1404_jpg.rf.7adff368a9a6e39d57cc1e19ca60b847.jpg,320,320,mercury,75,9,246,311
Neptune364_jpg.rf.7f5f5bf0f422818a26b6d0615c1923d5.jpg,320,320,neptune,74,9,247,311
Earth300_jpg.rf.84684c6fc7f528b54bf2c7f3b39f710e.jpg,320,320,earth,73,6,246,312
Jupiter728_jpg.rf.8059a291f34128cab04f3ce5fac52e2d.jpg,320,320,jupiter,74,18,246,305
Earth500_jpg.rf.827cedb814a1029e7fb946080a096fda.jpg,320,320,earth,75,8,246,311
Neptune234_jpg.rf.8299c3bccae89ab9646c6b9936c6cee4.jpg,320,320,neptune,74,9,247,311
Mars1200_jpg.rf.831111dd5d134835d7b067258a0829f8.jpg,320,320,mars,74,9,246,311
Neptune1222_jpg.rf.7e8771512b024307714bbc7934c92544.jpg,320,320,neptune,74,9,247,311
Earth225_jpg.rf.7fbefcecb0f8897c505e9864c2dd8752.jpg,320,320,earth,75,9,246,311
Uranus912_jpg.rf.7eeebcd15ff1c0072ada32b9dbac2d8e.jpg,320,320,uranus,74,11,246,310
Earth1150_jpg.rf.82c3a855c47d6f2fd94ea93510e322a6.jpg,320,320,earth,74,9,246,311
Mercury1456_jpg.rf.8799bc49c4b3ebd043e126e4020e055a.jpg,320,320,mercury,75,9,246,311
Mercury1222_jpg.rf.84310baabff1b1bf38a201725c02b962.jpg,320,320,mercury,75,9,246,311
Uranus1128_jpg.rf.8657690b693edf462827e5bd5d24b659.jpg,320,320,uranus,74,11,246,310
Saturn864_jpg.rf.84c647f3b4f3ec476aa2f0ee2d5c3dba.jpg,320,320,saturn,47,85,274,237
Earth325_jpg.rf.892468db2097d1b60308d40a929fc3d1.jpg,320,320,earth,74,9,245,313
Earth1125_jpg.rf.8e13c78e63f1a398e2fedbc4037a1752.jpg,320,320,earth,74,9,246,311
Venus275_jpg.rf.8d7615ef5771a766a0fe4d2ac21e917c.jpg,320,320,venus,74,7,246,313
Saturn891_jpg.rf.86438edf0798e33a4c17b003965b369e.jpg,320,320,saturn,47,85,274,237
Uranus1176_jpg.rf.8ba9709104dd8a950548aa0a26c99bfe.jpg,320,320,uranus,74,11,246,310
Mars840_jpg.rf.8bd0eb3c8b60df65dab824b90ae7f8ca.jpg,320,320,mars,74,9,246,311
Saturn594_jpg.rf.8a5069cbf80c06631acd70473c0c1fbe.jpg,320,320,saturn,47,85,274,237
Uranus672_jpg.rf.8e3f3a63d39547d003246e287d289efd.jpg,320,320,uranus,74,11,246,310
Neptune754_jpg.rf.8a78c8b7bd017103a144bfb9b9fdcc93.jpg,320,320,neptune,74,9,247,311
Neptune1274_jpg.rf.8e3a1eae06e5fc61b4e3e8b0a649a10c.jpg,320,320,neptune,74,9,247,311